{
  "IcoMoonType": "selection",
  "icons": [
    {
      "icon": {
        "paths": [
          "M854 470v84h-520l238 240-60 60-342-342 342-342 60 60-238 240h520z"
        ],
        "attrs": [],
        "isMulticolor": false,
        "isMulticolor2": false,
        "tags": [
          "arrow_back"
        ],
        "defaultCode": 58820,
        "grid": 24
      },
      "attrs": [],
      "properties": {
        "order": 518,
        "ligatures": "arrow_back",
        "id": 45,
        "prevSize": 24,
        "code": 58820,
        "name": "arrow_back"
      },
      "setIdx": 0,
      "setId": 3,
      "iconIdx": 45
    },
    {
      "icon": {
        "paths": [
          "M512 170l342 342-342 342-60-60 238-240h-520v-84h520l-238-240z"
        ],
        "attrs": [],
        "isMulticolor": false,
        "isMulticolor2": false,
        "tags": [
          "arrow_forward"
        ],
        "defaultCode": 58824,
        "grid": 24
      },
      "attrs": [],
      "properties": {
        "order": 517,
        "ligatures": "arrow_forward",
        "id": 50,
        "prevSize": 24,
        "code": 58824,
        "name": "arrow_forward"
      },
      "setIdx": 0,
      "setId": 3,
      "iconIdx": 50
    },
    {
      "icon": {
        "paths": [
          "M726 512c0 24-20 42-44 42h-426l-170 172v-598c0-24 18-42 42-42h554c24 0 44 18 44 42v384zM896 256c24 0 42 18 42 42v640l-170-170h-470c-24 0-42-18-42-42v-86h554v-384h86z"
        ],
        "attrs": [],
        "isMulticolor": false,
        "isMulticolor2": false,
        "tags": [
          "question_answer"
        ],
        "defaultCode": 59567,
        "grid": 24
      },
      "attrs": [],
      "properties": {
        "order": 504,
        "ligatures": "forum, question_answer",
        "id": 343,
        "prevSize": 24,
        "code": 59567,
        "name": "question_answer"
      },
      "setIdx": 0,
      "setId": 3,
      "iconIdx": 343
    },
    {
      "icon": {
        "paths": [
          "M512 310.857v256q0 8-5.143 13.143t-13.143 5.143h-182.857q-8 0-13.143-5.143t-5.143-13.143v-36.571q0-8 5.143-13.143t13.143-5.143h128v-201.143q0-8 5.143-13.143t13.143-5.143h36.571q8 0 13.143 5.143t5.143 13.143zM749.714 512q0-84.571-41.714-156t-113.143-113.143-156-41.714-156 41.714-113.143 113.143-41.714 156 41.714 156 113.143 113.143 156 41.714 156-41.714 113.143-113.143 41.714-156zM877.714 512q0 119.429-58.857 220.286t-159.714 159.714-220.286 58.857-220.286-58.857-159.714-159.714-58.857-220.286 58.857-220.286 159.714-159.714 220.286-58.857 220.286 58.857 159.714 159.714 58.857 220.286z"
        ],
        "width": 877.7139282226562,
        "attrs": [],
        "isMulticolor": false,
        "isMulticolor2": false,
        "tags": [
          "clock-o"
        ],
        "defaultCode": 61463,
        "grid": 14
      },
      "attrs": [],
      "properties": {
        "name": "clock-o",
        "id": 634,
        "order": 534,
        "prevSize": 32,
        "code": 61463
      },
      "setIdx": 1,
      "setId": 2,
      "iconIdx": 0
    },
    {
      "icon": {
        "paths": [
          "M256 256q0-30.286-21.429-51.714t-51.714-21.429-51.714 21.429-21.429 51.714 21.429 51.714 51.714 21.429 51.714-21.429 21.429-51.714zM865.714 585.143q0 30.286-21.143 51.429l-280.571 281.143q-22.286 21.143-52 21.143-30.286 0-51.429-21.143l-408.571-409.143q-21.714-21.143-36.857-57.714t-15.143-66.857v-237.714q0-29.714 21.714-51.429t51.429-21.714h237.714q30.286 0 66.857 15.143t58.286 36.857l408.571 408q21.143 22.286 21.143 52zM1085.143 585.143q0 30.286-21.143 51.429l-280.571 281.143q-22.286 21.143-52 21.143-20.571 0-33.714-8t-30.286-25.714l268.571-268.571q21.143-21.143 21.143-51.429 0-29.714-21.143-52l-408.571-408q-21.714-21.714-58.286-36.857t-66.857-15.143h128q30.286 0 66.857 15.143t58.286 36.857l408.571 408q21.143 22.286 21.143 52z"
        ],
        "width": 1085.1428871154785,
        "attrs": [],
        "isMulticolor": false,
        "isMulticolor2": false,
        "tags": [
          "tags"
        ],
        "defaultCode": 61484,
        "grid": 14
      },
      "attrs": [],
      "properties": {
        "name": "tags",
        "id": 41,
        "order": 508,
        "prevSize": 32,
        "code": 61484
      },
      "setIdx": 1,
      "setId": 2,
      "iconIdx": 42
    },
    {
      "icon": {
        "paths": [
          "M224 128h-192c-17.6 0-32 14.4-32 32v704c0 17.6 14.4 32 32 32h192c17.6 0 32-14.4 32-32v-704c0-17.6-14.4-32-32-32zM192 320h-128v-64h128v64z",
          "M544 128h-192c-17.6 0-32 14.4-32 32v704c0 17.6 14.4 32 32 32h192c17.6 0 32-14.4 32-32v-704c0-17.6-14.4-32-32-32zM512 320h-128v-64h128v64z",
          "M765.088 177.48l-171.464 86.394c-15.716 7.918-22.096 27.258-14.178 42.976l287.978 571.548c7.918 15.718 27.258 22.098 42.976 14.178l171.464-86.392c15.716-7.92 22.096-27.26 14.178-42.974l-287.978-571.55c-7.92-15.718-27.26-22.1-42.976-14.18z",
          "M928 864c0 17.673-14.327 32-32 32s-32-14.327-32-32c0-17.673 14.327-32 32-32s32 14.327 32 32z"
        ],
        "width": 1152,
        "attrs": [],
        "tags": [
          "books",
          "library",
          "archive"
        ],
        "grid": 16
      },
      "attrs": [],
      "properties": {
        "id": 172,
        "order": 496,
        "prevSize": 32,
        "ligatures": "books, library",
        "name": "books",
        "code": 59680
      },
      "setIdx": 2,
      "setId": 0,
      "iconIdx": 32
    },
    {
      "icon": {
        "paths": [
          "M576 706.612v-52.78c70.498-39.728 128-138.772 128-237.832 0-159.058 0-288-192-288s-192 128.942-192 288c0 99.060 57.502 198.104 128 237.832v52.78c-217.102 17.748-384 124.42-384 253.388h896c0-128.968-166.898-235.64-384-253.388z"
        ],
        "attrs": [],
        "tags": [
          "user",
          "profile",
          "avatar",
          "person",
          "member"
        ],
        "grid": 16
      },
      "attrs": [],
      "properties": {
        "order": 498,
        "id": 1628,
        "prevSize": 32,
        "ligatures": "user, profile2",
        "name": "user",
        "code": 59761
      },
      "setIdx": 2,
      "setId": 0,
      "iconIdx": 113
    },
    {
      "icon": {
        "paths": [
          "M256 640c0 0 58.824-192 384-192v192l384-256-384-256v192c-256 0-384 159.672-384 320zM704 768h-576v-384h125.876c10.094-11.918 20.912-23.334 32.488-34.18 43.964-41.19 96.562-72.652 156.114-93.82h-442.478v640h832v-268.624l-128 85.334v55.29z"
        ],
        "attrs": [],
        "tags": [
          "share",
          "out",
          "external",
          "outside"
        ],
        "grid": 16
      },
      "attrs": [],
      "properties": {
        "id": 1267,
        "order": 520,
        "prevSize": 32,
        "ligatures": "share, out",
        "name": "share",
        "code": 60029
      },
      "setIdx": 2,
      "setId": 0,
      "iconIdx": 381
    },
    {
      "icon": {
        "paths": [
          "M938.688 96h-138.688v-64c0-17.696-14.304-32-32-32s-32 14.304-32 32v64h-192v-64c0-17.696-14.336-32-32-32s-32 14.304-32 32v64h-192v-64c0-17.696-14.336-32-32-32s-32 14.304-32 32v64h-138.656c-47.136 0-85.344 38.176-85.344 85.312v757.344c0 47.136 38.208 85.344 85.344 85.344h853.344c47.136 0 85.312-38.208 85.312-85.344v-757.344c0-47.136-38.176-85.312-85.312-85.312zM960 938.656c0 11.776-9.568 21.344-21.312 21.344h-853.344c-11.776 0-21.344-9.568-21.344-21.344v-757.344c0-11.744 9.568-21.312 21.344-21.312h138.656v64c0 17.696 14.336 32 32 32s32-14.304 32-32v-64h192v64c0 17.696 14.336 32 32 32s32-14.304 32-32v-64h192v64c0 17.696 14.304 32 32 32s32-14.304 32-32v-64h138.688c11.744 0 21.312 9.568 21.312 21.312v757.344zM224 384h128v96h-128zM224 544h128v96h-128zM224 704h128v96h-128zM448 704h128v96h-128zM448 544h128v96h-128zM448 384h128v96h-128zM672 704h128v96h-128zM672 544h128v96h-128zM672 384h128v96h-128z"
        ],
        "attrs": [],
        "tags": [
          "calendar",
          "date",
          "schedule"
        ],
        "grid": 32
      },
      "attrs": [],
      "properties": {
        "id": 43,
        "order": 533,
        "prevSize": 32,
        "code": 59648,
        "name": "calendar"
      },
      "setIdx": 3,
      "setId": 1,
      "iconIdx": 43
    }
  ],
  "height": 1024,
  "metadata": {
    "name": "icomoon"
  },
  "preferences": {
    "showGlyphs": true,
    "showQuickUse": true,
    "showQuickUse2": true,
    "showSVGs": true,
    "fontPref": {
      "prefix": "icon-",
      "metadata": {
        "fontFamily": "icomoon",
        "majorVersion": 1,
        "minorVersion": 0
      },
      "metrics": {
        "emSize": 1024,
        "baseline": 6.25,
        "whitespace": 50
      },
      "embed": false,
      "autoHost": true,
      "resetPoint": 58880,
      "cssVars": true,
      "showSelector": true,
      "showMetrics": true,
      "showMetadata": false,
      "showVersion": true
    },
    "imagePref": {
      "prefix": "icon-",
      "png": true,
      "useClassSelector": true,
      "color": 4473924,
      "bgColor": 16777215,
      "classSelector": ".icon",
      "height": 32,
      "columns": 16,
      "margin": 16
    },
    "historySize": 100,
    "showCodes": true,
    "quickUsageToken": {
      "MyIcons": "MTlkYTViMTY3Y2RiOTRmYjU2NmVhMDcwZjJlZDRkNGEjMSMxNDcxMTkyMTQ4IyMj"
    },
    "showLiga": true,
    "gridSize": 16,
    "showGrid": true
  }
}